Source File	Size	loadResources	load-configure	scan	loadDepInfo	loadInfo	load	generateSnapshots	checkR4R4B	generateNarratives	validate	loadLists	checkConformanceResources	checkConformanceResources2	checkConformanceResources3	generateLogicalMaps	validateExpressions	scanForUsageStats	checkURLsUnique	processProvenanceDetails	translate	generate1	generate2	generateLogicals	makeDependencies	generateExampleZip	generateValidationPack	scanProfilesForR5	scanExamplesForR5
/fsh-generated/resources/ImplementationGuide-jpfhir.jp.core.json	140422	-	0	0	0	0	0	0	68	1165	0	0	0	0	0	0	0	15	0	0	0	1555	999	0	0	0	44	0	7
fsh-generated/resources/AllergyIntolerance-jp-allergyintolerance-example-1.json	1189	8	0	0	0	1	0	0	0	225	0	0	0	0	0	0	0	0	0	0	0	16	35	0	0	0	0	0	0
fsh-generated/resources/CapabilityStatement-jp-client-capabilitystatement.json	42039	175	1	0	0	0	0	0	4	177	0	0	0	0	0	0	0	0	0	0	0	158	142	0	2	0	14	0	1
fsh-generated/resources/CapabilityStatement-jp-server-capabilitystatement.json	42030	116	0	0	0	0	0	0	3	137	0	0	0	0	0	0	0	1	0	0	0	285	145	0	1	0	3	0	0
fsh-generated/resources/CodeSystem-jp-condition-disease-code-icd10-cs.json	568	4	0	0	0	0	0	0	0	1	0	0	0	0	0	0	0	0	0	0	0	13	4031	0	0	0	0	0	0
fsh-generated/resources/CodeSystem-jp-condition-disease-code-medis-exchange-cs.json	724	3	0	0	0	0	0	0	0	0	0	0	0	0	0	0	0	0	0	0	0	11	68	0	0	0	0	0	0
fsh-generated/resources/CodeSystem-jp-condition-disease-code-medis-record-no-cs.json	728	3	0	0	0	0	0	0	0	0	0	0	0	0	0	0	0	0	0	0	0	11	99	0	0	0	1	0	0
fsh-generated/resources/CodeSystem-jp-condition-disease-code-receipt-cs.json	656	3	1	0	0	0	0	0	0	0	0	0	0	0	0	0	0	0	0	0	0	17	77	0	0	0	0	0	0
fsh-generated/resources/CodeSystem-jp-condition-disease-modifier-medis-exchange-cs.json	791	4	0	0	0	0	0	0	0	0	0	0	0	0	0	0	0	0	0	0	0	16	97	0	0	0	0	0	0
fsh-generated/resources/CodeSystem-jp-condition-disease-modifier-medis-record-no-cs.json	796	4	1	0	0	0	0	0	0	0	0	0	0	0	0	0	0	0	0	0	0	18	63	0	0	0	0	0	0
fsh-generated/resources/CodeSystem-jp-condition-disease-modifier-receipt-cs.json	571	2	0	0	0	0	0	0	0	0	0	0	0	0	0	0	0	0	0	0	0	15	52	0	0	0	0	0	0
fsh-generated/resources/CodeSystem-jp-condition-disease-outcome-hl70241-cs.json	1014	6	0	0	0	0	0	0	0	0	0	0	0	0	0	0	0	0	0	0	0	12	70	0	0	0	1	0	0
fsh-generated/resources/CodeSystem-jp-condition-disease-outcome-jhsd0006-cs.json	933	5	1	0	0	0	0	0	1	0	0	0	0	0	0	0	0	0	0	0	0	12	43	0	0	1	0	0	0
fsh-generated/resources/CodeSystem-jp-condition-disease-outcome-receipt-cs.json	862	4	0	0	0	0	0	0	0	0	0	0	0	0	0	0	0	0	0	0	0	11	43	0	0	0	0	0	0
fsh-generated/resources/CodeSystem-jp-documentcodes-cs.json	11901	30	1	0	0	0	0	0	1	0	0	0	1	0	0	0	0	0	0	0	0	33	140	0	0	0	1	0	0
fsh-generated/resources/CodeSystem-jp-endoscopyterminology-codes-jed-cs.json	182256	791	3	0	0	0	0	0	38	1	0	0	1	0	0	0	0	7	0	0	0	724	1213	0	0	0	28	0	1
fsh-generated/resources/CodeSystem-jp-medication-example-dosagecomment-cs.json	1107	4	0	0	0	0	0	0	0	0	0	0	1	0	0	0	0	0	0	0	0	15	47	0	0	0	1	0	0
fsh-generated/resources/CodeSystem-jp-medication-example-line-cs.json	1977	10	1	0	0	0	0	0	0	0	0	0	0	0	0	0	0	0	0	0	0	19	50	0	0	0	0	0	0
fsh-generated/resources/CodeSystem-jp-medication-example-linecomment-cs.json	942	4	3	0	0	0	0	0	0	0	0	0	0	0	0	0	0	0	0	0	0	12	45	0	0	0	0	0	0
fsh-generated/resources/CodeSystem-jp-medication-example-methodcomment-cs.json	968	3	1	0	0	0	0	0	0	0	0	0	0	0	0	0	0	0	0	0	0	12	54	0	0	0	0	0	0
fsh-generated/resources/CodeSystem-jp-medication-example-ratecomment-cs.json	1188	5	0	0	0	0	0	0	0	0	0	0	0	0	0	0	0	0	0	0	0	13	63	0	0	0	1	0	0
fsh-generated/resources/CodeSystem-jp-medication-example-routecomment-cs.json	875	3	0	0	0	0	0	0	1	0	0	0	0	0	0	0	0	0	0	0	0	13	50	0	0	0	0	0	0
fsh-generated/resources/CodeSystem-jp-medication-example-sitecomment-cs.json	824	3	0	0	0	0	0	0	0	0	0	0	0	0	0	0	0	0	0	0	0	12	39	0	0	0	0	0	0
fsh-generated/resources/CodeSystem-jp-medication-example-uncategorized-comment-cs.json	1472	5	3	0	0	0	0	0	0	0	0	0	0	0	0	0	0	0	0	0	0	13	48	0	0	0	0	0	0
fsh-generated/resources/CodeSystem-jp-microbiology-anti-microbial-drug-cs.json	35776	86	0	0	0	0	0	0	11	0	0	0	0	0	0	0	0	1	0	0	0	63	135	0	0	0	3	0	1
fsh-generated/resources/CodeSystem-jp-microbiology-category-cs.json	1144	7	0	0	0	0	0	0	0	0	0	0	0	0	0	0	0	0	0	0	0	17	37	0	0	0	1	0	0
fsh-generated/resources/CodeSystem-jp-microbiology-infectious-agent-cs.json	42373	255	2	0	0	0	0	0	4	0	0	0	0	0	0	0	0	1	0	0	0	195	242	0	0	0	3	0	0
fsh-generated/resources/CodeSystem-jp-observation-bodymeasurement-category-cs.json	2216	12	0	0	0	0	0	0	0	0	0	0	0	0	0	0	0	0	0	0	0	19	42	0	0	0	1	0	0
fsh-generated/resources/CodeSystem-jp-observation-bodymeasurement-code-cs.json	11059	48	1	0	0	0	0	0	1	0	0	0	0	0	0	0	0	0	0	0	0	48	76	0	0	0	1	0	0
fsh-generated/resources/CodeSystem-jp-observation-bodysite-cs.json	733	3	0	0	0	0	0	0	0	0	0	0	0	0	0	0	0	0	0	0	0	11	40	0	0	0	0	0	0
fsh-generated/resources/CodeSystem-jp-physicalexamcode-cs.json	928	4	0	0	0	0	0	0	0	0	0	0	0	0	0	0	0	0	0	0	0	12	46	0	0	0	0	0	0
fsh-generated/resources/CodeSystem-jp-procedure-body-site-cs.json	535	2	1	0	0	0	0	0	1	0	0	0	0	0	0	0	0	0	0	0	0	12	31	0	0	0	0	0	0
fsh-generated/resources/CodeSystem-jp-procedure-not-performed-reason-cs.json	1348	5	0	0	0	0	0	0	0	0	0	0	0	0	0	0	0	0	0	0	0	12	34	0	0	0	0	0	0
fsh-generated/resources/CodeSystem-jp-procedure-outcome-cs.json	1031	4	0	0	0	0	0	0	0	0	0	0	0	0	0	0	0	0	0	0	0	13	34	0	0	0	1	0	0
fsh-generated/resources/CodeSystem-jp-simpleobservationcategory-cs.json	4316	9	0	0	0	0	0	0	0	0	0	0	0	0	0	0	0	0	0	0	0	36	39	0	0	0	0	0	0
fsh-generated/resources/CodeSystem-jp-undefined-cs.json	525	3	0	0	0	0	0	0	0	0	0	0	0	0	0	0	0	0	0	0	0	12	36	0	0	0	0	0	0
fsh-generated/resources/Condition-jp-condition-diagnosis-example-1.json	3252	13	1	0	0	0	0	0	8	228	0	0	0	0	0	0	0	0	0	0	0	25	27	0	0	0	0	0	0
fsh-generated/resources/Condition-jp-condition-example-1.json	1398	7	0	0	0	0	0	0	0	28	0	0	0	0	0	0	0	0	0	0	0	32	15	0	0	0	0	0	0
fsh-generated/resources/Coverage-jp-coverage-example-1.json	1180	5	0	0	0	0	0	0	0	23	0	0	0	0	0	0	0	0	0	0	0	24	22	0	0	0	0	0	0
fsh-generated/resources/DiagnosticReport-jp-diagnosticreport-endoscopy-example-1.json	44410	9	0	0	0	0	0	0	1	26	0	0	0	0	0	0	0	0	0	0	0	118	90	0	0	0	0	0	0
fsh-generated/resources/DiagnosticReport-jp-diagnosticreport-labresult-example-1.json	7189	21	0	0	0	0	0	0	0	25	0	0	0	0	0	0	0	0	0	0	0	42	47	0	0	0	0	0	1
fsh-generated/resources/DiagnosticReport-jp-diagnosticreport-microbiology-example-1.json	151542	149	1	0	0	0	0	0	3	0	0	0	0	0	0	0	0	1	0	0	0	407	206	0	0	0	0	0	0
fsh-generated/resources/DiagnosticReport-jp-diagnosticreport-radiology-example-1.json	184129	16	0	0	0	0	0	0	0	0	0	0	0	0	0	0	0	0	0	0	0	414	79	0	0	0	0	0	0
fsh-generated/resources/Encounter-jp-encounter-example-1.json	810	4	0	0	0	0	0	0	0	36	0	0	0	0	0	0	0	0	0	0	0	12	22	0	0	0	0	0	0
fsh-generated/resources/Endpoint-endpoint-dicom-wadors-example.json	603	3	0	0	0	0	0	0	0	16	0	0	0	0	0	0	0	0	0	0	0	10	15	0	0	0	0	0	0
fsh-generated/resources/FamilyMemberHistory-jp-familymemberhistory-example-1.json	833	5	0	0	0	0	0	0	0	62	0	0	0	0	0	0	0	0	0	0	0	21	19	0	0	0	0	0	0
fsh-generated/resources/ImagingStudy-jp-imagingstudy-endoscopy-example-1.json	2571	12	0	0	0	0	0	0	0	180	0	0	0	0	0	0	0	0	0	0	0	24	27	0	0	0	0	0	0
fsh-generated/resources/ImagingStudy-jp-imagingstudy-radiology-example-1.json	1276	4	0	0	0	0	0	0	0	21	0	0	0	0	0	0	0	0	0	0	0	14	11	0	0	0	0	0	0
fsh-generated/resources/Immunization-jp-immunization-example-1.json	2037	8	1	0	0	0	0	0	1	287	0	0	0	0	0	0	0	0	0	0	0	18	32	0	0	0	0	0	0
fsh-generated/resources/Location-jp-location-example-examinationroom.json	776	4	0	0	0	0	0	0	0	6	0	0	0	0	0	0	0	0	0	0	0	10	24	0	0	0	0	0	0
fsh-generated/resources/Location-jp-location-example-ope.json	1095	5	0	0	0	0	0	0	0	15	0	0	0	0	0	0	0	0	0	0	0	12	10	0	0	0	0	0	0
fsh-generated/resources/Location-jp-location-example-ward.json	795	4	0	0	0	0	0	0	0	4	0	0	0	0	0	0	0	0	0	0	0	11	10	0	0	0	0	0	0
fsh-generated/resources/Media-jp-media-endoscopy-example-1.json	1005	5	0	0	0	0	0	0	0	14	0	0	0	0	0	0	0	0	0	0	0	16	25	0	0	0	0	0	0
fsh-generated/resources/Medication-jp-medication-example-1.json	1471	5	1	0	0	0	0	0	0	16	0	0	0	0	0	0	0	0	0	0	0	14	134	0	0	0	0	0	0
fsh-generated/resources/Medication-jp-medication-example-2.json	1472	6	0	0	0	0	0	0	0	13	0	0	0	0	0	0	0	0	0	0	0	14	14	0	0	0	0	0	0
fsh-generated/resources/MedicationAdministration-jp-medicationadministration-example-1.json	3146	10	0	0	0	0	0	0	0	48	0	0	0	0	0	0	0	0	0	0	0	24	29	0	0	0	0	0	0
fsh-generated/resources/MedicationAdministration-jp-medicationadministration-example-2.json	1981	6	1	0	0	0	0	0	0	21	0	0	0	0	0	0	0	0	0	0	0	17	13	0	0	0	0	0	0
fsh-generated/resources/MedicationAdministration-jp-medicationadministration-injection-example-1.json	5730	16	0	0	1	0	0	0	1	61	0	0	0	0	0	0	0	0	0	0	0	43	65	0	0	0	0	0	0
fsh-generated/resources/MedicationAdministration-jp-medicationadministration-injection-example-2.json	7027	20	0	0	0	0	0	0	1	56	0	0	0	0	0	0	0	0	0	0	0	58	48	0	0	0	0	0	0
fsh-generated/resources/MedicationDispense-jp-medicationdispense-example-1.json	4142	16	0	0	0	0	0	0	0	68	0	0	0	0	0	0	0	0	0	0	0	28	68	0	0	0	0	0	0
fsh-generated/resources/MedicationDispense-jp-medicationdispense-injection-example-1.json	5380	15	0	0	0	0	0	0	0	59	0	0	0	0	0	0	0	0	0	0	0	37	49	0	0	0	0	0	0
fsh-generated/resources/MedicationRequest-jp-medicationrequest-example-1.json	3372	11	0	0	0	0	0	0	0	14	0	0	0	0	0	0	0	0	0	0	0	23	64	0	0	0	0	0	0
fsh-generated/resources/MedicationRequest-jp-medicationrequest-example-2.json	3389	12	1	0	0	0	0	0	1	10	0	0	0	0	0	0	0	0	0	0	0	22	43	0	0	0	0	0	0
fsh-generated/resources/MedicationRequest-jp-medicationrequest-injection-example-1.json	5530	16	0	0	0	0	0	0	0	30	0	0	0	0	0	0	0	0	0	0	0	38	60	0	0	0	0	0	0
fsh-generated/resources/MedicationRequest-jp-medicationrequest-injection-example-2.json	7549	22	0	0	0	0	0	0	8	34	0	0	0	0	0	0	0	0	0	0	0	45	49	0	0	0	0	0	0
fsh-generated/resources/MedicationStatement-jp-medicationstatement-example-1.json	2699	10	1	0	0	0	0	0	1	14	0	0	0	0	0	0	0	0	0	0	0	19	34	0	0	0	0	0	0
fsh-generated/resources/MedicationStatement-jp-medicationstatement-injection-example-1.json	7028	19	0	0	0	0	0	0	0	31	0	0	0	0	0	0	0	1	0	0	0	40	52	0	0	0	0	0	0
fsh-generated/resources/NamingSystem-jp-department-ssmix-namingsystem.json	564	4	0	0	0	0	40	0	0	12	582	0	0	0	0	0	0	0	0	0	0	17	24	0	0	0	1	0	1
fsh-generated/resources/NamingSystem-jp-endoscopyterminology-codes-jed-ns.json	673	3	0	0	0	0	9	0	0	12	14	0	0	0	0	0	0	0	0	0	0	18	26	0	0	0	0	0	0
fsh-generated/resources/NamingSystem-jp-medicalfeescoretype-namingsystem.json	580	5	1	0	0	0	15	0	0	9	13	0	0	0	0	0	0	0	0	0	0	18	18	0	0	0	0	0	0
fsh-generated/resources/NamingSystem-jp-medicationbodysitejamiexternal-namingsystem.json	631	3	0	0	0	0	9	0	0	10	12	0	0	0	0	0	0	0	0	0	0	16	18	0	0	0	1	0	0
fsh-generated/resources/NamingSystem-jp-medicationcodecommon-namingsystem.json	585	4	0	0	0	0	8	0	1	10	13	0	0	0	0	0	0	0	0	0	0	20	10	0	0	0	0	0	0
fsh-generated/resources/NamingSystem-jp-medicationcodehot13-namingsystem.json	581	4	0	0	0	0	7	0	0	13	13	0	0	0	0	0	0	0	0	0	0	15	9	0	0	0	0	0	0
fsh-generated/resources/NamingSystem-jp-medicationcodehot7-namingsystem.json	577	3	1	0	0	0	12	0	0	9	13	0	0	0	0	0	0	0	0	0	0	15	9	0	0	0	1	0	0
fsh-generated/resources/NamingSystem-jp-medicationcodehot9-namingsystem.json	733	4	0	0	0	0	8	0	0	11	18	0	0	0	0	0	0	0	0	0	0	30	14	0	0	0	0	0	0
fsh-generated/resources/NamingSystem-jp-medicationcodeyj-namingsystem.json	569	3	0	0	0	0	7	0	0	10	23	0	0	0	0	0	0	0	0	0	0	16	10	0	0	0	0	0	0
fsh-generated/resources/NamingSystem-jp-medicationingredientstrengthstrengthtype-namingsystem.json	666	3	0	0	0	0	6	0	0	10	21	0	0	0	0	0	0	0	0	0	0	17	9	0	0	0	0	0	0
fsh-generated/resources/NamingSystem-jp-medicationmethodjamibasicusage-namingsystem.json	630	4	0	0	0	0	7	0	0	9	13	0	0	0	0	0	0	0	0	0	0	18	10	0	0	0	1	0	0
fsh-generated/resources/NamingSystem-jp-medicationmethodjamidetailusage-namingsystem.json	634	3	1	0	0	0	6	0	0	11	13	0	0	0	0	0	0	0	0	0	0	20	11	0	0	0	0	0	0
fsh-generated/resources/NamingSystem-jp-medicationroute-hl7-0162-namingsystem.json	761	5	0	0	0	0	6	0	1	13	13	0	0	0	0	0	0	0	0	0	0	20	11	0	0	0	0	0	0
fsh-generated/resources/NamingSystem-jp-medicationsubstitutionnotallowedreason-namingsystem.json	657	5	0	0	0	0	6	0	0	11	12	0	0	0	0	0	0	0	0	0	0	18	9	0	0	0	1	0	0
fsh-generated/resources/NamingSystem-jp-medicationunitmerit9-namingsystem.json	587	3	0	0	0	0	6	0	0	10	12	0	0	0	0	0	0	0	0	0	0	16	9	0	0	0	0	0	0
fsh-generated/resources/NamingSystem-jp-medicationusagejami-namingsystem.json	574	4	0	0	0	0	8	0	0	10	11	0	0	0	0	0	0	0	0	0	0	17	11	0	0	0	0	0	0
fsh-generated/resources/NamingSystem-jp-medicationusagejamiadditional-namingsystem.json	626	3	1	0	0	0	6	0	0	9	12	0	0	0	0	0	0	0	0	0	0	21	19	0	0	0	1	0	0
fsh-generated/resources/NamingSystem-jp-microbiology-antimicrobialdrug-ns.json	812	4	0	0	0	0	6	0	0	10	13	0	0	0	0	0	0	0	0	0	0	17	17	0	0	0	2	0	0
fsh-generated/resources/NamingSystem-jp-microbiology-infectious-agent-ns.json	811	3	1	0	0	0	7	0	0	9	20	0	0	0	0	0	0	0	0	0	0	18	22	0	0	0	0	0	0
fsh-generated/resources/NamingSystem-jp-observation-jlac10-namingsystem.json	576	3	0	0	0	0	7	0	0	11	30	0	0	0	0	0	0	0	0	0	0	18	13	0	0	0	1	0	0
fsh-generated/resources/NamingSystem-jp-observation-vitalsignscode-namingsystem.json	603	3	0	0	0	0	9	0	0	9	22	0	0	0	0	0	0	0	0	0	0	25	11	0	0	0	2	0	0
fsh-generated/resources/NamingSystem-jp-prefecturenumber-namingsystem.json	568	4	0	0	0	0	7	0	1	10	22	0	0	0	0	0	0	0	0	0	0	17	10	0	0	0	0	0	0
fsh-generated/resources/Observation-jp-observation-bodyMeasurement-example-1.json	1360	5	0	0	0	0	0	0	0	13	0	0	0	0	0	0	0	0	0	0	0	14	13	0	0	0	0	0	0
fsh-generated/resources/Observation-jp-observation-labresult-example-1.json	2641	9	1	0	0	0	0	0	0	105	0	0	0	0	0	0	0	0	0	0	0	26	33	0	0	0	0	0	0
fsh-generated/resources/Observation-jp-observation-physicalexam-example-1.json	1567	6	0	0	0	0	0	0	0	10	0	0	0	0	0	0	0	0	0	0	0	17	23	0	0	0	0	0	0
fsh-generated/resources/Observation-jp-observation-socialhistory-example-1.json	1912	7	0	0	0	0	0	0	0	7	0	0	0	0	0	0	0	0	0	0	0	19	29	0	0	0	0	0	0
fsh-generated/resources/Observation-jp-observation-vitalsigns-example-1.json	1373	7	0	0	0	0	0	0	0	8	0	0	0	0	0	0	0	0	0	0	0	17	28	0	0	0	0	0	0
fsh-generated/resources/Organization-jp-organization-example-clinic.json	1282	5	0	0	0	0	0	0	0	8	0	0	0	0	0	0	0	0	0	0	0	12	25	0	0	0	0	0	0
fsh-generated/resources/Organization-jp-organization-example-hospital.json	1275	5	1	0	0	0	0	0	0	4	0	0	0	0	0	0	0	0	0	0	0	12	19	0	0	0	0	0	0
fsh-generated/resources/Organization-jp-organization-example-inspection.json	625	3	0	0	0	0	0	0	0	3	0	0	0	0	0	0	0	0	0	0	0	9	21	0	0	0	0	0	0
fsh-generated/resources/Organization-jp-organization-example-payer.json	551	3	0	0	0	0	0	0	0	2	0	0	0	0	0	0	0	0	0	0	0	10	22	0	0	0	0	0	0
fsh-generated/resources/Patient-jp-patient-example-1.json	1999	7	1	0	0	0	0	0	1	20	0	0	0	0	0	0	0	0	0	0	0	16	52	0	0	0	0	0	0
fsh-generated/resources/Practitioner-jp-practitioner-example-female-1.json	1945	7	1	0	0	0	0	0	0	9	0	0	0	0	0	0	0	0	0	0	0	17	33	0	0	0	0	0	0
fsh-generated/resources/Practitioner-jp-practitioner-example-female-2.json	804	4	0	0	0	0	0	0	0	2	0	0	0	0	0	0	0	0	0	0	0	13	10	0	0	0	0	0	0
fsh-generated/resources/Practitioner-jp-practitioner-example-male-1.json	1199	4	0	0	0	0	0	0	0	3	0	0	0	0	0	0	0	0	0	0	0	14	11	0	0	0	0	0	0
fsh-generated/resources/Practitioner-jp-practitioner-example-male-2.json	791	4	0	0	0	0	0	0	0	2	0	0	0	0	0	0	0	0	0	0	0	10	10	0	0	0	0	0	0
fsh-generated/resources/PractitionerRole-jp-practitionerrole-example-1.json	1846	8	0	0	0	0	0	0	0	12	0	0	0	0	0	0	0	0	0	0	0	17	23	0	0	0	0	0	0
fsh-generated/resources/Procedure-jp-procedure-example-1.json	1126	5	1	0	0	0	0	0	0	5	0	0	0	0	0	0	0	0	0	0	1	16	35	0	0	0	0	0	0
fsh-generated/resources/SearchParameter-jp-coverage-insuredpersonnumber-sp.json	1246	3	0	0	0	0	0	0	0	14	0	0	0	0	0	0	0	0	0	0	0	18	18	0	0	0	1	0	0
fsh-generated/resources/SearchParameter-jp-coverage-insuredpersonsubnumber-sp.json	1276	4	0	0	0	0	0	0	0	9	0	0	0	0	0	0	0	0	0	0	0	17	24	0	0	0	0	0	0
fsh-generated/resources/SearchParameter-jp-coverage-insuredpersonsymbol-sp.json	1246	3	0	0	0	0	0	0	0	8	0	0	0	0	0	0	0	0	0	0	0	18	27	0	0	0	0	0	0
fsh-generated/resources/SearchParameter-jp-medicationrequest-start-sp.json	987	4	0	0	0	0	0	0	0	9	0	0	0	0	0	0	0	0	0	0	0	16	17	0	0	0	1	0	0
fsh-generated/resources/SearchParameter-jp-organization-insuranceorganizationcategory-sp.json	1329	4	1	0	0	0	0	0	1	8	0	0	0	0	0	0	0	0	0	0	0	16	9	0	0	0	0	0	0
fsh-generated/resources/SearchParameter-jp-organization-insuranceorganizationno-sp.json	1293	4	0	0	0	0	0	0	0	9	0	0	0	0	0	0	0	0	0	0	0	18	14	0	0	0	0	0	0
fsh-generated/resources/SearchParameter-jp-organization-prefectureno-sp.json	1209	3	0	0	0	0	0	0	0	8	0	0	0	0	0	0	0	0	0	0	0	16	11	0	0	0	1	0	0
fsh-generated/resources/SearchParameter-jp-patient-kanasort-sp.json	1366	4	0	0	0	0	0	0	0	9	0	0	0	0	0	0	0	0	0	0	0	17	14	0	0	0	0	0	0
fsh-generated/resources/Specimen-jp-specimen-example-1.json	961	5	0	0	0	0	0	0	0	15	0	0	0	0	0	0	0	0	0	0	0	14	37	0	0	0	0	0	0
fsh-generated/resources/Specimen-jp-specimen-example-2.json	990	5	1	0	0	0	0	0	0	5	0	0	0	0	0	0	0	0	0	0	0	13	16	0	0	0	0	0	0
fsh-generated/resources/Specimen-jp-specimen-example-3.json	989	4	0	0	0	0	0	0	0	20	0	0	0	0	0	0	0	0	0	0	0	14	19	0	0	0	0	0	0
fsh-generated/resources/StructureDefinition-JP-Binary.json	861	6	0	0	0	0	0	93	1	118	0	0	1	0	0	0	0	1	0	0	0	106	2378	0	0	0	3	0	0
fsh-generated/resources/StructureDefinition-JP-Device.json	964	4	0	0	0	0	0	436	0	363	0	0	0	0	0	0	0	1	0	0	0	381	1454	0	0	0	8	0	1
fsh-generated/resources/StructureDefinition-JP-DocumentReference.json	1519	7	0	0	0	0	0	341	0	266	0	0	0	0	0	0	0	1	0	0	0	330	988	0	0	0	7	0	0
fsh-generated/resources/StructureDefinition-JP-RelatedPerson.json	1019	10	1	0	0	0	0	211	0	156	0	0	0	0	0	0	0	0	0	0	0	207	573	0	0	0	4	1	1
fsh-generated/resources/StructureDefinition-JP-ResearchStudy.json	1281	6	0	0	0	0	0	255	0	215	0	0	0	0	0	0	0	1	0	0	0	270	775	0	0	0	8	0	0
fsh-generated/resources/StructureDefinition-JP-ResearchSubject.json	1159	5	0	0	0	0	0	139	0	106	0	0	0	0	0	0	0	0	0	0	0	148	382	0	0	0	3	0	1
fsh-generated/resources/StructureDefinition-JP-ServiceRequest.json	1300	7	0	0	0	0	0	302	0	240	0	0	0	0	0	0	0	3	0	0	0	287	845	0	0	0	7	0	0
fsh-generated/resources/StructureDefinition-JP-Specimen.json	981	4	0	0	0	0	0	340	0	233	0	0	0	0	0	0	0	1	0	0	0	289	690	0	0	0	7	0	1
fsh-generated/resources/StructureDefinition-jp-allergyintolerance.json	17039	27	1	0	0	0	0	1318	0	239	0	0	1	0	0	0	0	1	0	0	0	360	877	0	0	0	9	0	0
fsh-generated/resources/StructureDefinition-jp-careplan.json	7745	17	0	0	0	0	0	324	0	329	0	0	0	0	0	0	0	1	0	0	0	389	736	0	1	0	10	0	1
fsh-generated/resources/StructureDefinition-jp-condition-diagnosis.json	14912	32	0	0	0	0	0	851	0	840	0	0	3	0	0	0	0	2	0	0	0	691	1402	0	0	0	16	1	1
fsh-generated/resources/StructureDefinition-jp-condition-disease-postfix-modifier.json	5060	15	0	0	0	0	0	148	0	169	0	0	0	0	0	0	0	1	0	0	0	270	380	0	0	0	8	0	0
fsh-generated/resources/StructureDefinition-jp-condition-disease-prefix-modifier.json	5055	14	1	0	0	0	0	148	0	160	0	0	0	0	0	0	0	0	0	0	0	255	376	0	0	0	9	0	1
fsh-generated/resources/StructureDefinition-jp-condition.json	10774	19	0	0	0	0	0	1	9	205	0	0	0	0	0	0	0	1	0	0	0	324	620	0	0	0	8	0	0
fsh-generated/resources/StructureDefinition-jp-consent.json	7570	18	0	0	0	0	0	277	0	249	0	0	0	0	0	0	0	1	0	0	0	380	1135	0	0	1	9	0	1
fsh-generated/resources/StructureDefinition-jp-coverage-insuredpersonnumber.json	1699	6	1	0	0	0	0	25	0	31	0	0	0	0	0	0	0	0	0	0	0	57	278	0	0	0	1	0	0
fsh-generated/resources/StructureDefinition-jp-coverage-insuredpersonsubnumber.json	1794	6	0	0	0	0	0	25	0	44	0	0	0	0	0	0	0	0	0	0	0	58	174	0	0	0	2	0	0
fsh-generated/resources/StructureDefinition-jp-coverage-insuredpersonsymbol.json	1699	6	0	0	0	0	0	25	0	35	0	0	0	0	0	0	0	0	0	0	0	64	161	0	0	0	2	0	0
fsh-generated/resources/StructureDefinition-jp-coverage.json	33277	33	0	0	0	0	0	271	0	279	0	0	0	0	0	0	0	1	0	0	0	521	1242	0	0	0	15	0	0
fsh-generated/resources/StructureDefinition-jp-diagnosticreport-common.json	15639	23	0	0	0	0	0	220	1	276	0	0	0	0	0	0	0	1	0	0	0	357	1004	0	6	0	9	0	1
fsh-generated/resources/StructureDefinition-jp-diagnosticreport-endoscopy.json	12414	25	0	0	0	0	0	305	0	337	0	0	0	0	0	0	0	2	0	0	0	407	1138	0	0	0	10	0	1
fsh-generated/resources/StructureDefinition-jp-diagnosticreport-labresult.json	12862	23	0	0	0	0	0	456	0	365	0	0	1	0	0	0	0	1	0	0	0	497	796	0	0	0	11	0	1
fsh-generated/resources/StructureDefinition-jp-diagnosticreport-microbiology.json	8573	17	0	0	0	0	0	286	0	267	0	0	0	0	0	0	0	1	0	0	0	418	597	0	0	0	10	0	1
fsh-generated/resources/StructureDefinition-jp-diagnosticreport-radiology.json	23772	32	1	0	0	0	0	380	0	391	0	0	0	0	0	0	0	1	0	0	0	610	1204	0	0	0	15	1	1
fsh-generated/resources/StructureDefinition-jp-encounter.json	11881	21	0	0	0	0	0	313	0	329	0	0	0	0	0	0	0	2	0	0	0	494	1130	0	1	0	11	0	0
fsh-generated/resources/StructureDefinition-jp-familymemberhistory.json	2740	6	0	0	0	0	0	173	0	212	0	0	0	0	0	0	0	0	0	0	0	209	363	0	0	0	5	0	1
fsh-generated/resources/StructureDefinition-jp-humanname.json	2442	7	0	0	0	0	0	54	0	59	0	0	0	0	0	0	0	1	0	0	0	73	167	0	0	0	3	0	0
fsh-generated/resources/StructureDefinition-jp-imagingstudy-endoscopy.json	17014	35	0	0	0	0	0	280	0	285	0	0	0	0	0	0	0	1	0	0	0	471	975	0	0	0	11	0	1
fsh-generated/resources/StructureDefinition-jp-imagingstudy-radiology.json	31827	37	0	0	0	0	0	332	0	297	0	0	0	0	0	0	0	2	0	0	0	516	842	0	0	0	14	0	1
fsh-generated/resources/StructureDefinition-jp-immunization-certificateddate.json	1461	6	1	0	0	0	0	27	0	30	0	0	0	0	0	0	0	0	0	0	0	60	146	0	0	0	2	0	0
fsh-generated/resources/StructureDefinition-jp-immunization-duedateofnextdose.json	1484	5	0	0	0	0	0	25	0	29	0	0	0	0	0	0	0	1	0	0	0	56	137	0	0	0	1	0	0
fsh-generated/resources/StructureDefinition-jp-immunization-manufactureddate.json	1461	6	0	0	0	0	0	24	0	37	0	0	0	0	0	0	0	0	0	0	0	55	104	0	0	0	2	0	0
fsh-generated/resources/StructureDefinition-jp-immunization.json	12420	29	0	0	0	0	0	277	0	313	0	0	0	0	0	0	0	1	0	0	0	476	1710	0	1	0	11	1	0
fsh-generated/resources/StructureDefinition-jp-location.json	15175	21	0	0	0	0	0	168	0	182	0	0	0	0	0	0	0	1	0	0	0	313	436	0	0	0	8	0	1
fsh-generated/resources/StructureDefinition-jp-media-endoscopy.json	9940	25	0	0	0	0	0	177	0	163	0	0	1	0	0	0	0	0	0	0	0	260	508	0	0	0	7	0	0
fsh-generated/resources/StructureDefinition-jp-medication-ingredient-drugno.json	1771	9	1	0	0	0	0	28	0	33	0	0	0	0	0	0	0	0	0	0	0	64	108	0	0	0	2	0	0
fsh-generated/resources/StructureDefinition-jp-medication-ingredientstrength-strengthtype.json	1894	7	0	0	0	0	0	30	0	37	0	0	0	0	0	0	0	0	0	0	0	59	111	0	0	0	1	0	0
fsh-generated/resources/StructureDefinition-jp-medication.json	13584	20	0	0	0	0	0	168	0	181	0	0	0	0	0	0	0	1	0	0	0	286	541	0	0	0	7	0	1
fsh-generated/resources/StructureDefinition-jp-medicationadministration-injection.json	16979	45	0	0	0	0	0	874	1	556	0	0	0	0	0	0	0	3	0	0	0	663	958	0	0	0	15	0	1
fsh-generated/resources/StructureDefinition-jp-medicationadministration-location.json	1774	7	0	0	0	0	0	25	0	28	0	0	0	0	0	0	0	0	0	0	0	56	108	0	0	0	2	0	0
fsh-generated/resources/StructureDefinition-jp-medicationadministration-requestauthoredon.json	1593	8	1	0	0	0	0	26	0	28	0	0	0	0	0	0	0	1	0	0	0	59	100	0	0	0	1	0	0
fsh-generated/resources/StructureDefinition-jp-medicationadministration-requestdepartment.json	1741	7	0	0	0	0	0	25	0	28	0	0	0	0	0	0	0	0	0	0	0	60	109	0	0	0	1	0	0
fsh-generated/resources/StructureDefinition-jp-medicationadministration-requester.json	1743	6	0	0	0	0	0	24	0	29	0	0	0	0	0	0	0	0	0	0	0	61	115	0	0	0	2	0	0
fsh-generated/resources/StructureDefinition-jp-medicationadministration-uncategorizedcomment.json	2674	11	0	0	0	0	0	35	0	44	0	0	0	0	0	0	0	0	0	0	0	85	133	0	0	0	2	0	0
fsh-generated/resources/StructureDefinition-jp-medicationadministration.json	20165	32	0	0	0	0	0	437	0	432	0	0	0	0	0	0	0	2	0	0	0	631	1020	0	1	0	15	1	1
fsh-generated/resources/StructureDefinition-jp-medicationadministrationBase.json	11603	33	0	0	0	0	0	0	0	314	0	0	0	0	0	0	0	1	0	0	0	412	656	0	0	0	10	0	1
fsh-generated/resources/StructureDefinition-jp-medicationdispense-injection.json	3104	10	1	0	0	0	0	589	0	284	0	0	0	0	0	0	0	2	0	0	0	342	664	0	0	0	8	0	1
fsh-generated/resources/StructureDefinition-jp-medicationdispense-preparation.json	2662	10	0	0	0	0	0	40	0	43	0	0	0	0	0	0	0	0	0	0	0	85	134	0	0	0	5	0	0
fsh-generated/resources/StructureDefinition-jp-medicationdispense.json	4297	13	0	0	0	0	0	330	0	318	0	0	1	0	0	0	0	1	0	0	0	430	924	0	0	0	9	0	0
fsh-generated/resources/StructureDefinition-jp-medicationdispensebase.json	26190	43	1	0	0	0	0	0	0	407	0	0	0	0	0	0	0	2	0	0	0	537	1045	0	0	0	21	0	1
fsh-generated/resources/StructureDefinition-jp-medicationdosage-device.json	1665	8	0	0	0	0	0	27	0	35	0	0	0	0	0	0	0	0	0	0	0	55	101	0	0	0	1	0	0
fsh-generated/resources/StructureDefinition-jp-medicationdosage-dosagecomment.json	2658	11	0	0	0	0	0	37	0	43	0	0	0	0	0	0	0	0	0	0	0	83	120	0	0	0	2	0	0
fsh-generated/resources/StructureDefinition-jp-medicationdosage-injection.json	9642	88	0	0	0	0	0	646	0	416	0	0	0	0	0	0	0	2	0	0	0	543	743	0	0	0	20	0	1
fsh-generated/resources/StructureDefinition-jp-medicationdosage-line.json	1848	8	0	0	0	0	0	42	0	50	0	0	0	0	0	0	0	0	0	0	0	88	130	0	0	0	2	0	0
fsh-generated/resources/StructureDefinition-jp-medicationdosage-linecomment.json	2646	10	1	0	0	0	0	34	0	44	0	0	0	0	0	0	0	0	0	0	0	101	122	0	0	0	2	0	0
fsh-generated/resources/StructureDefinition-jp-medicationdosage-methodcomment.json	2678	10	0	0	0	0	0	37	0	42	0	0	0	0	0	0	0	1	0	0	0	95	115	0	0	0	2	1	0
fsh-generated/resources/StructureDefinition-jp-medicationdosage-periodofuse.json	2042	7	0	0	0	0	0	40	0	44	0	0	0	0	0	0	0	0	0	0	0	76	167	0	0	0	1	0	0
fsh-generated/resources/StructureDefinition-jp-medicationdosage-ratecomment.json	2682	10	0	0	0	0	0	36	0	41	0	0	0	0	0	0	0	0	0	0	0	84	120	0	0	0	3	0	0
fsh-generated/resources/StructureDefinition-jp-medicationdosage-routecomment.json	2688	9	0	0	0	0	0	36	0	41	0	0	0	0	0	0	0	0	0	0	0	91	120	0	0	0	1	0	1
fsh-generated/resources/StructureDefinition-jp-medicationdosage-sitecomment.json	2680	9	0	0	0	0	0	37	0	41	0	0	0	0	0	0	0	0	0	0	0	81	115	0	0	0	2	0	0
fsh-generated/resources/StructureDefinition-jp-medicationdosage-usageduration.json	3101	9	0	0	0	0	0	58	0	60	0	0	0	0	0	0	0	1	0	0	0	117	162	0	0	0	3	0	0
fsh-generated/resources/StructureDefinition-jp-medicationdosage.json	7714	17	1	0	0	0	0	342	0	324	0	0	3	0	0	0	0	1	0	0	0	466	621	0	1	0	9	0	1
fsh-generated/resources/StructureDefinition-jp-medicationdosagebase.json	14032	24	0	0	0	0	0	0	0	200	0	0	0	0	0	0	0	1	0	0	0	321	453	0	0	0	8	0	0
fsh-generated/resources/StructureDefinition-jp-medicationquantity.json	4323	9	0	0	0	0	0	46	0	47	0	0	0	0	0	0	0	0	0	0	0	90	149	0	0	0	3	0	1
fsh-generated/resources/StructureDefinition-jp-medicationrange-unitoftime.json	2964	10	0	0	0	0	0	89	0	90	0	0	0	0	0	0	0	1	0	0	0	156	221	0	0	0	3	0	0
fsh-generated/resources/StructureDefinition-jp-medicationrange.json	1839	6	0	0	0	0	0	38	0	34	0	0	0	0	0	0	0	0	0	0	0	71	155	0	0	0	2	0	0
fsh-generated/resources/StructureDefinition-jp-medicationratio-amount.json	1938	6	0	0	0	0	0	30	0	38	0	0	0	0	0	0	0	0	0	0	0	61	171	0	0	0	1	0	0
fsh-generated/resources/StructureDefinition-jp-medicationratio-doseperday.json	2004	6	0	0	0	0	0	179	0	86	0	0	0	0	0	0	0	0	0	0	0	128	359	0	0	0	3	0	0
fsh-generated/resources/StructureDefinition-jp-medicationratio-doseperperiod.json	2827	10	1	0	0	0	0	0	0	97	0	0	0	0	0	0	0	1	0	0	0	141	283	0	0	0	4	0	0
fsh-generated/resources/StructureDefinition-jp-medicationrequest-dispenserequest-expectedrepeatcount.json	1834	7	0	0	0	0	0	35	0	29	0	0	0	0	0	0	0	0	0	0	0	63	114	0	0	0	1	0	0
fsh-generated/resources/StructureDefinition-jp-medicationrequest-dispenserequest-instructionfordispense.json	2092	8	0	0	0	0	0	43	1	49	0	0	1	0	0	0	0	0	0	0	0	84	126	0	0	0	2	0	1
fsh-generated/resources/StructureDefinition-jp-medicationrequest-injection.json	45131	59	0	0	0	0	0	469	0	566	0	0	0	0	0	0	0	2	0	0	0	838	1220	0	0	0	21	0	1
fsh-generated/resources/StructureDefinition-jp-medicationrequest.json	46659	57	0	0	0	0	0	623	0	550	0	0	0	0	0	0	0	4	0	0	0	885	1222	0	1	0	36	1	1
fsh-generated/resources/StructureDefinition-jp-medicationsimplequantity.json	3634	8	0	0	0	0	0	44	0	51	0	0	0	0	0	0	0	0	0	0	0	86	142	0	0	0	6	0	0
fsh-generated/resources/StructureDefinition-jp-medicationstatement-injection.json	12102	19	1	0	0	0	0	175	0	177	0	0	0	0	0	0	0	4	0	0	0	304	711	0	0	0	18	0	1
fsh-generated/resources/StructureDefinition-jp-medicationstatement.json	12370	22	0	0	0	0	0	184	0	177	0	0	0	0	0	0	0	2	0	0	0	293	463	0	0	0	8	0	0
fsh-generated/resources/StructureDefinition-jp-medicationtiming.json	10953	15	0	0	0	0	0	112	0	114	0	0	0	0	0	0	0	1	0	0	0	205	289	0	0	0	5	0	1
fsh-generated/resources/StructureDefinition-jp-observation-bodymeasurement.json	6975	22	0	0	0	0	0	635	0	340	0	0	1	0	0	0	0	1	0	0	0	491	693	0	0	0	11	0	0
fsh-generated/resources/StructureDefinition-jp-observation-common.json	21999	27	0	0	0	0	0	1	0	268	0	0	0	0	0	0	0	1	0	0	0	423	1279	0	1	0	11	0	1
fsh-generated/resources/StructureDefinition-jp-observation-labresult.json	26800	42	1	0	0	0	0	443	0	567	0	0	0	0	0	0	0	3	0	0	0	795	1050	0	0	0	19	0	1
fsh-generated/resources/StructureDefinition-jp-observation-microbiology.json	12531	29	0	0	0	0	0	548	0	522	0	0	0	0	0	1	0	2	0	0	0	775	1067	0	0	0	17	0	1
fsh-generated/resources/StructureDefinition-jp-observation-physicalexam.json	11388	27	0	0	0	0	0	514	0	447	0	0	0	0	0	0	0	2	0	0	0	605	807	0	0	0	17	0	1
fsh-generated/resources/StructureDefinition-jp-observation-socialhistory.json	5337	16	0	0	0	0	0	405	1	298	0	0	1	0	0	0	0	1	0	0	0	417	646	0	1	0	10	0	1
fsh-generated/resources/StructureDefinition-jp-observation-vitalsigns.json	6933	19	0	0	0	0	0	368	0	345	0	0	0	0	0	0	0	2	0	0	0	537	676	0	0	0	12	0	1
fsh-generated/resources/StructureDefinition-jp-organization-insuranceorganizationcategory.json	2694	8	1	0	0	0	0	62	0	57	0	0	0	0	0	0	0	0	0	0	0	120	157	0	0	0	3	0	0
fsh-generated/resources/StructureDefinition-jp-organization-insuranceorganizationno.json	2866	8	0	0	0	0	0	62	0	59	0	0	0	0	0	0	0	0	0	0	0	108	188	0	0	0	2	0	0
fsh-generated/resources/StructureDefinition-jp-organization-prefectureno.json	2589	7	0	0	0	0	0	56	0	57	0	0	0	0	0	0	0	1	0	0	0	102	146	0	0	0	3	0	0
fsh-generated/resources/StructureDefinition-jp-organization.json	23808	31	0	0	0	0	0	348	0	370	0	0	0	0	0	0	0	1	0	0	0	624	785	0	0	0	13	0	1
fsh-generated/resources/StructureDefinition-jp-patient-race.json	1900	6	0	0	0	0	0	26	0	34	0	0	0	0	0	0	0	0	0	0	0	72	97	0	0	0	4	0	0
fsh-generated/resources/StructureDefinition-jp-patient.json	35984	49	1	0	0	0	0	378	0	516	0	0	0	0	0	0	0	2	0	0	0	739	951	0	1	0	16	0	1
fsh-generated/resources/StructureDefinition-jp-practitioner.json	29990	34	0	0	0	0	0	363	0	375	0	0	0	0	0	0	0	1	0	0	0	756	837	0	0	0	15	0	1
fsh-generated/resources/StructureDefinition-jp-practitionerrole.json	13529	19	0	0	0	0	0	156	0	167	0	0	0	0	0	0	0	1	0	0	0	314	404	0	8	0	6	0	1
fsh-generated/resources/StructureDefinition-jp-procedure.json	31965	46	1	0	0	0	0	502	0	444	0	0	1	0	0	0	0	2	0	0	0	794	1103	0	1	0	18	1	1
fsh-generated/resources/ValueSet-jp-conclusion-codes-jed-vs.json	89432	280	0	0	0	0	0	0	13	712	0	0	0	0	0	0	0	1	0	0	0	661	11502	0	0	0	21	0	0
fsh-generated/resources/ValueSet-jp-condition-disease-code-icd10-vs.json	762	3	0	0	0	0	0	0	0	7	0	0	0	0	0	0	0	0	0	0	0	14	70	0	0	0	1	0	0
fsh-generated/resources/ValueSet-jp-condition-disease-code-medis-exchange-vs.json	803	3	0	0	0	0	0	0	0	8	0	0	0	0	0	0	0	0	0	0	0	14	100	0	0	0	0	0	0
fsh-generated/resources/ValueSet-jp-condition-disease-code-medis-record-no-vs.json	798	3	0	0	0	0	0	0	0	142	0	0	0	0	0	0	0	0	0	0	0	13	69	0	0	0	0	0	0
fsh-generated/resources/ValueSet-jp-condition-disease-code-receipt-vs.json	650	3	0	0	0	0	0	0	0	7	0	0	0	0	0	0	0	0	0	0	0	13	62	0	0	0	0	0	0
fsh-generated/resources/ValueSet-jp-condition-disease-modifier-medis-exchange-vs.json	941	3	0	0	0	0	0	0	0	7	0	0	0	0	0	0	0	0	0	0	0	16	58	0	0	0	0	0	0
fsh-generated/resources/ValueSet-jp-condition-disease-modifier-medis-record-no-vs.json	824	2	0	0	0	0	0	0	0	19	0	0	0	0	0	0	0	0	0	0	0	17	48	0	0	0	0	0	0
fsh-generated/resources/ValueSet-jp-condition-disease-modifier-receipt-vs.json	670	3	1	0	0	0	0	0	0	7	0	0	0	0	0	0	0	0	0	0	0	14	43	0	0	0	1	0	0
fsh-generated/resources/ValueSet-jp-condition-disease-outcome-hl70241-jhsd0006-vs.json	905	3	0	0	0	0	0	0	0	7	0	0	0	0	0	0	0	1	0	0	0	16	76	0	0	0	0	0	0
fsh-generated/resources/ValueSet-jp-condition-disease-outcome-hl70241-vs.json	611	3	0	0	0	0	0	0	0	7	0	0	0	0	0	0	0	0	0	0	0	13	61	0	0	0	0	0	0
fsh-generated/resources/ValueSet-jp-condition-disease-outcome-jhsd0006-vs.json	724	2	0	0	0	0	0	0	0	8	0	0	0	0	0	0	0	0	0	0	0	15	58	0	0	0	1	0	0
fsh-generated/resources/ValueSet-jp-condition-disease-outcome-receipt-vs.json	674	3	0	0	0	0	0	0	0	7	0	0	0	0	0	0	0	0	0	0	0	13	59	0	0	0	0	0	0
fsh-generated/resources/ValueSet-jp-condition-severity-vs.json	577	2	0	0	0	0	0	0	1	7	0	0	0	0	0	0	0	0	0	0	0	14	53	0	0	0	0	0	0
fsh-generated/resources/ValueSet-jp-diagnosticreportcategory-vs.json	1744	5	0	0	0	0	0	0	0	1624	0	0	0	0	0	0	0	0	0	0	0	20	65	0	0	0	0	0	0
fsh-generated/resources/ValueSet-jp-documentcodes-diagnosticreport-vs.json	4055	14	1	0	0	0	0	0	0	50	0	0	0	0	0	0	0	0	0	0	0	42	119	0	0	0	1	0	0
fsh-generated/resources/ValueSet-jp-documentcodes-endoscopy-vs.json	1285	4	0	0	0	0	0	0	0	18	0	0	0	0	0	0	0	0	0	0	0	18	60	0	0	0	5	0	0
fsh-generated/resources/ValueSet-jp-medicallicensecertificate-vs.json	548	3	0	0	0	0	0	0	0	8	0	0	0	0	0	0	0	0	0	0	0	14	51	0	0	0	0	0	0
fsh-generated/resources/ValueSet-jp-medication-example-dosagecomment-vs.json	812	3	0	0	0	0	0	0	0	7	0	0	0	0	0	0	0	0	0	0	0	12	49	0	1	0	1	0	0
fsh-generated/resources/ValueSet-jp-medication-example-line-vs.json	778	2	0	0	0	0	0	0	0	8	0	0	0	0	0	0	0	0	0	0	0	16	80	0	0	0	0	0	1
fsh-generated/resources/ValueSet-jp-medication-example-linecomment-vs.json	817	3	0	0	0	0	0	0	0	8	0	0	0	0	0	0	0	0	0	0	0	13	46	0	0	0	0	0	0
fsh-generated/resources/ValueSet-jp-medication-example-methodcomment-vs.json	824	3	0	0	0	0	0	0	1	7	0	0	0	0	0	0	0	0	0	0	0	15	55	0	0	0	0	0	0
fsh-generated/resources/ValueSet-jp-medication-example-ratecomment-vs.json	820	3	1	0	0	0	0	0	0	7	0	0	0	0	0	0	0	0	0	0	0	15	53	0	0	0	1	0	0
fsh-generated/resources/ValueSet-jp-medication-example-routecomment-vs.json	825	3	0	0	0	0	0	0	0	8	0	0	0	0	0	0	0	0	0	0	0	30	45	0	0	0	0	0	0
fsh-generated/resources/ValueSet-jp-medication-example-sitecomment-vs.json	820	3	0	0	0	0	0	0	0	8	0	0	0	0	0	0	0	0	0	0	0	22	42	0	0	0	0	0	0
fsh-generated/resources/ValueSet-jp-medication-example-uncategorized-comment-vs.json	872	3	0	0	0	0	0	0	0	7	0	0	0	0	0	0	0	0	0	0	0	19	50	0	0	0	0	0	0
fsh-generated/resources/ValueSet-jp-medication-instruction-for-dispense-jhsp0002-vs.json	798	3	0	0	0	0	0	0	0	9	0	0	0	0	0	0	0	0	0	0	0	19	71	0	0	0	0	0	0
fsh-generated/resources/ValueSet-jp-microbiology-anti-microbial-drug-vs.json	1040	4	0	0	0	0	0	0	0	7	0	0	0	0	0	0	0	0	0	0	0	15	796	0	0	0	1	0	0
fsh-generated/resources/ValueSet-jp-microbiology-category-laboratory-vs.json	635	3	0	0	0	0	0	0	0	42	0	0	0	0	0	0	0	0	0	0	0	16	54	0	0	0	0	0	0
fsh-generated/resources/ValueSet-jp-microbiology-category-vs.json	517	3	1	0	0	0	0	0	0	16	0	0	0	0	0	0	0	0	0	0	0	13	55	0	0	0	0	0	0
fsh-generated/resources/ValueSet-jp-microbiology-infectious-agent-vs.json	1024	3	0	0	0	0	0	0	0	7	0	0	0	0	0	0	0	0	0	0	0	14	1441	0	0	0	0	0	0
fsh-generated/resources/ValueSet-jp-observation-bodymeasurement-category-vs.json	625	3	0	0	0	0	0	0	0	15	0	0	0	0	0	0	0	0	0	0	0	13	72	0	0	0	0	0	0
fsh-generated/resources/ValueSet-jp-observation-bodymeasurement-code-vs.json	599	2	0	0	0	0	0	0	0	9	0	0	0	0	0	0	0	0	0	0	0	16	305	0	0	0	1	0	0
fsh-generated/resources/ValueSet-jp-observation-bodysite-vs.json	744	3	0	0	0	0	0	0	0	7	0	0	0	0	0	0	0	0	0	0	0	14	40	0	0	0	0	0	0
fsh-generated/resources/ValueSet-jp-physicalexamcode-vs.json	718	3	1	0	0	0	0	0	1	8	0	0	0	0	0	0	0	0	0	0	0	32	45	0	0	0	0	0	0
fsh-generated/resources/ValueSet-jp-procedure-body-site-vs.json	510	3	0	0	0	0	0	0	0	7	0	0	0	0	0	0	0	0	0	0	0	13	188	0	0	0	0	0	0
fsh-generated/resources/ValueSet-jp-procedure-codes-ichi-vs.json	551	3	0	0	0	0	0	0	0	6	0	0	0	0	0	0	0	0	0	0	0	14	41	0	0	0	0	0	0
fsh-generated/resources/ValueSet-jp-procedure-condition-vs.json	576	3	0	0	0	0	0	0	0	7	0	0	0	0	0	0	0	0	0	0	0	14	51	0	0	0	1	0	0
fsh-generated/resources/ValueSet-jp-procedure-device-action-vs.json	540	3	1	0	0	0	0	0	0	8	0	0	0	0	0	0	0	0	0	0	0	18	43	0	0	0	0	0	0
fsh-generated/resources/ValueSet-jp-procedure-devicekind-vs.json	534	3	0	0	0	0	0	0	0	8	0	0	0	0	0	0	0	0	0	0	0	15	35	0	0	0	0	0	0
fsh-generated/resources/ValueSet-jp-procedure-followup-vs.json	529	3	0	0	0	0	0	0	0	7	0	0	0	0	0	0	0	0	0	0	0	13	39	0	0	0	0	0	0
fsh-generated/resources/ValueSet-jp-procedure-not-performed-reason-vs.json	638	3	0	0	0	0	0	0	0	8	0	0	0	0	0	0	0	0	0	0	0	18	52	0	0	1	0	0	0
fsh-generated/resources/ValueSet-jp-procedure-outcome-vs.json	516	3	0	0	0	0	0	0	0	6	0	0	0	0	0	0	0	0	0	0	0	15	47	0	0	0	1	0	0
fsh-generated/resources/ValueSet-jp-procedure-performer-role-vs.json	551	2	1	0	0	0	0	0	0	7	0	0	0	0	0	0	0	0	0	0	0	14	139	0	0	0	0	0	0
fsh-generated/resources/ValueSet-jp-procedure-reason-vs.json	496	3	0	0	0	0	0	0	0	7	0	0	0	0	0	0	0	0	0	0	0	12	33	0	0	0	1	0	0
fsh-generated/resources/ValueSet-jp-radiologymodality-vs.json	5698	22	0	0	0	0	0	0	1	34	0	0	0	0	0	0	0	0	0	0	0	86	216	0	0	0	1	0	0
fsh-generated/resources/ValueSet-jp-reason-codes-jed-vs.json	6065	22	0	0	0	0	0	0	0	31	0	0	0	0	0	0	0	0	0	0	0	51	187	0	0	0	1	0	0
fsh-generated/resources/ValueSet-jp-simpleobservationcategory-vs.json	582	3	1	0	0	0	0	0	0	10	0	0	0	0	0	0	0	2	0	0	0	15	88	0	0	0	0	0	0
fsh-generated/resources/ValueSet-jp-undefined-vs.json	590	3	1	0	0	0	0	0	0	8	0	0	0	0	0	0	0	0	0	0	0	14	38	0	0	0	0	0	0
